{
    "fid": 6.890823023160557,
    "kid": 0.0348952054977417,
    "clip": 0.31787109375
}