{
    "fid": 5.818723909046847,
    "kid": 0.027517533302307128,
    "clip": 0.3173828125
}