{
    "fid": 6.055137841745476,
    "kid": 0.03009359836578369,
    "clip": 0.31689453125
}