{
    "fid": 30.58024367361882,
    "kid": 0.13809714317321778,
    "clip": 0.2210693359375
}